"comparison","rows","denominator","np_rate","share"
"languageR all rows",3263,3263,0.739809990806007,1
"languageR shared verbs",2201,3263,0.751476601544752,0.674532638676065
"languageR spoken rows",2360,3263,0.78771186440678,0.723260802942078
"languageR spoken shared verbs",1564,2360,0.811381074168798,0.66271186440678
"languageR spoken non-shared verbs",796,2360,0.741206030150754,0.33728813559322
"BNC2014 all released dative rows",1839,1839,0.801522566612289,1
"BNC2014 complete core rows",1621,1839,0.819247378161629,0.881457313757477
"BNC2014 incomplete core rows",218,1839,0.669724770642202,0.118542686242523
